<?xml version="1.0" encoding="UTF-8"?>
<project-private xmlns="http://www.netbeans.org/ns/project-private/1">
    <editor-bookmarks xmlns="http://www.netbeans.org/ns/editor-bookmarks/2" lastBookmarkId="0"/>
    <open-files xmlns="http://www.netbeans.org/ns/projectui-open-files/2">
        <group>
            <file>file:/C:/Namizje/Kviz_Mugerli/KVIZ-R.txt</file>
            <file>file:/C:/Namizje/Kviz_Mugerli/src/demo/Konec.java</file>
            <file>file:/C:/Namizje/Kviz_Mugerli/src/demo/Okno2.java</file>
            <file>file:/C:/Namizje/Kviz_Mugerli/src/demo/Oa7.java</file>
        </group>
    </open-files>
</project-private>
