<?xml version="1.0" encoding="UTF-8"?>
<project-private xmlns="http://www.netbeans.org/ns/project-private/1">
    <editor-bookmarks xmlns="http://www.netbeans.org/ns/editor-bookmarks/2" lastBookmarkId="0"/>
    <open-files xmlns="http://www.netbeans.org/ns/projectui-open-files/2">
        <group>
            <file>file:/C:/Users/b23/Desktop/3.RA/Kviz/src/Okno.java</file>
            <file>file:/C:/Users/b23/Desktop/3.RA/Kviz/src/Okno2.java</file>
            <file>file:/C:/Users/b23/Desktop/3.RA/Kviz/src/Okno3.java</file>
            <file>file:/C:/Users/b23/Desktop/3.RA/Kviz/src/Okno4.java</file>
        </group>
    </open-files>
</project-private>
