<?xml version="1.0" encoding="UTF-8"?>
<project-private xmlns="http://www.netbeans.org/ns/project-private/1">
    <editor-bookmarks xmlns="http://www.netbeans.org/ns/editor-bookmarks/2" lastBookmarkId="0"/>
    <open-files xmlns="http://www.netbeans.org/ns/projectui-open-files/2">
        <group>
            <file>file:/C:/Namizje/Kviz2/src/Okno3.java</file>
            <file>file:/C:/Namizje/Kviz2/src/Okno10.java</file>
            <file>file:/C:/Namizje/Kviz2/src/Okno11.java</file>
            <file>file:/C:/Namizje/Kviz2/src/Okno12.java</file>
            <file>file:/C:/Namizje/Kviz2/src/Okno13.java</file>
            <file>file:/C:/Namizje/Kviz2/src/Okno14.java</file>
            <file>file:/C:/Namizje/Kviz2/src/Okno15.java</file>
            <file>file:/C:/Namizje/Kviz2/src/Okno16.java</file>
            <file>file:/C:/Namizje/Kviz2/src/Okno17.java</file>
            <file>file:/C:/Namizje/Kviz2/src/Okno18.java</file>
            <file>file:/C:/Namizje/Kviz2/src/Okno19.java</file>
            <file>file:/C:/Namizje/Kviz2/src/Okno20.java</file>
            <file>file:/C:/Namizje/Kviz2/src/Okno.java</file>
            <file>file:/C:/Namizje/Kviz2/src/Okno2.java</file>
        </group>
    </open-files>
</project-private>
